{
    "counts_metrics": {
        "peaks_and_nonpeaks": {
            "spearmanr": -0.10667389728931112,
            "pearsonr": 0.2956492939868973,
            "mse": 9.334134718103943
        },
        "nonpeaks": {
            "spearmanr": -0.12223921953891488,
            "pearsonr": 0.5148808138475416,
            "mse": 4.250762333591938
        },
        "peaks": {
            "spearmanr": -0.24750891479056963,
            "pearsonr": -0.1713645225588542,
            "mse": 14.41750710261595
        }
    },
    "profile_metrics": {
        "peaks_and_nonpeaks": {
            "median_jsd": 0.42183045091513954,
            "median_norm_jsd": 0.32843369117296384
        },
        "nonpeaks": {
            "median_jsd": 0.49811517322413146,
            "median_norm_jsd": 0.26444412980651505
        },
        "peaks": {
            "median_jsd": 0.3650405785855378,
            "median_norm_jsd": 0.3847271887404509
        }
    }
}